Janek,Rubach,2009-02-14
Jacek,Rubach,2010-10-10
Maria,Rubach,2001-07-20
Adam,Rubach,2003-03-12
Henryk,Rubach,2003-11-03
Elżbieta,Rubach,2015-12-12
Janek,Rubach,2004-10-26
Jacek,Rubach,2015-10-14
Maria,Rubach,2019-04-08
Adam,Rubach,2005-09-23
Henryk,Rubach,2021-03-24
Elżbieta,Rubach,2004-01-21
Janek,Rubach,2004-10-24
Jacek,Rubach,2015-10-01
Maria,Rubach,2020-10-31
Adam,Rubach,2018-07-17
Henryk,Rubach,2014-11-16
Elżbieta,Rubach,2006-08-27
Janek,Rubach,1999-06-02
Jacek,Rubach,2006-12-23
Maria,Rubach,2004-08-16
Adam,Rubach,2007-11-13
Henryk,Rubach,2000-10-12
Elżbieta,Rubach,2013-01-18
Janek,Rubach,2000-04-30
Jacek,Rubach,1999-02-11
Maria,Rubach,2007-01-19
Adam,Rubach,2004-09-08
Henryk,Rubach,2005-08-15
Elżbieta,Rubach,2016-12-10
Janek,Rubach,2004-01-29
Jacek,Rubach,2003-11-09
Maria,Rubach,2005-09-01
Adam,Rubach,2014-11-15
Henryk,Rubach,2005-12-20
Elżbieta,Rubach,2002-05-02
Janek,Rubach,2013-01-13
Jacek,Rubach,2019-10-05
Maria,Rubach,2016-10-01
Adam,Rubach,2002-05-29
Henryk,Rubach,2000-04-02
Elżbieta,Rubach,2019-09-04
Janek,Rubach,2005-07-03
Jacek,Rubach,2001-05-03
Maria,Rubach,2011-06-30
Adam,Rubach,2001-09-19
Henryk,Rubach,2021-02-07
Elżbieta,Rubach,2022-03-22
Janek,Rubach,2010-05-31
Jacek,Rubach,2019-08-26
Maria,Rubach,2000-08-23
Adam,Rubach,2002-05-05
Henryk,Rubach,2005-02-09
Elżbieta,Rubach,2020-01-05
Janek,Rubach,2000-06-07
Jacek,Rubach,2019-12-04
Maria,Rubach,2005-03-07
Adam,Rubach,2016-04-28
Henryk,Rubach,2009-07-04
Elżbieta,Rubach,2012-03-04
Janek,Rubach,2021-11-17
Jacek,Rubach,2004-12-16
Maria,Rubach,2007-06-20
Adam,Rubach,2015-10-02
Henryk,Rubach,2003-04-29
Elżbieta,Rubach,2000-06-13
Janek,Rubach,2005-05-09
Jacek,Rubach,2013-12-11
Maria,Rubach,2007-02-04
Adam,Rubach,2018-10-30
Henryk,Rubach,2020-06-19
Elżbieta,Rubach,2018-11-08
Janek,Rubach,2014-07-09
Jacek,Rubach,2021-10-17
Maria,Rubach,2018-11-28
Adam,Rubach,2001-01-19
Henryk,Rubach,1999-07-22
Elżbieta,Rubach,2020-11-20
Janek,Rubach,2018-10-26
Jacek,Rubach,2020-02-17
Maria,Rubach,2001-02-09
Adam,Rubach,2008-12-19
Henryk,Rubach,2003-11-20
Elżbieta,Rubach,1999-07-15
Janek,Rubach,2009-01-01
Jacek,Rubach,2007-02-28
Maria,Rubach,2016-10-24
Adam,Rubach,2017-09-04
Henryk,Rubach,1999-01-12
Elżbieta,Rubach,2009-02-23
Janek,Rubach,2015-04-10
Jacek,Rubach,2020-01-11
Maria,Rubach,2000-05-27
Adam,Rubach,2014-10-19
Henryk,Rubach,1999-01-26
Elżbieta,Rubach,2009-03-07
Janek,Rubach,2010-04-24
Jacek,Rubach,2008-12-25
Maria,Rubach,2019-05-17
Adam,Rubach,2004-10-26
Henryk,Rubach,2001-03-11
Elżbieta,Rubach,2015-03-25
Janek,Rubach,2020-11-16
Jacek,Rubach,2006-05-06
Maria,Rubach,2020-05-22
Adam,Rubach,2018-03-06
Henryk,Rubach,2009-04-22
Elżbieta,Rubach,2021-07-26
Janek,Rubach,2015-08-20
Jacek,Rubach,2005-01-07
Maria,Rubach,2010-05-09
Adam,Rubach,2007-02-10
Henryk,Rubach,2000-05-14
Elżbieta,Rubach,2008-08-25
Janek,Rubach,2003-09-28
Jacek,Rubach,2021-12-12
Maria,Rubach,2014-01-31
Adam,Rubach,2007-02-23
Henryk,Rubach,2014-11-26
Elżbieta,Rubach,2003-02-23
Janek,Rubach,2010-09-08
Jacek,Rubach,2004-11-25
Maria,Rubach,2012-07-12
Adam,Rubach,2011-08-26
Henryk,Rubach,2020-08-21
Elżbieta,Rubach,2006-01-03
Janek,Rubach,2020-10-19
Jacek,Rubach,2010-06-06
Maria,Rubach,2005-04-14
Adam,Rubach,2010-12-10
Henryk,Rubach,2005-02-02
Elżbieta,Rubach,2021-11-07
Janek,Rubach,2018-07-12
Jacek,Rubach,2020-05-17
Maria,Rubach,2001-08-25
Adam,Rubach,2017-01-23
Henryk,Rubach,2017-09-05
Elżbieta,Rubach,2008-10-10
Janek,Rubach,2018-08-20
Jacek,Rubach,1999-07-27
Maria,Rubach,2012-02-20
Adam,Rubach,2004-09-26
Henryk,Rubach,2019-01-06
Elżbieta,Rubach,2020-05-07
Janek,Rubach,2005-07-21
Jacek,Rubach,2007-12-01
Maria,Rubach,2003-02-25
Adam,Rubach,2002-01-10
Henryk,Rubach,2007-06-27
Elżbieta,Rubach,2007-05-22
Janek,Rubach,2008-03-10
Jacek,Rubach,2001-05-16
Maria,Rubach,2000-12-25
Adam,Rubach,2016-05-08
Henryk,Rubach,1999-01-29
Elżbieta,Rubach,2000-02-04
Janek,Rubach,2003-08-01
Jacek,Rubach,2007-12-11
Maria,Rubach,2018-10-26
Adam,Rubach,2015-01-06
Henryk,Rubach,2020-03-19
Elżbieta,Rubach,2002-11-03
Janek,Rubach,2020-04-11
Jacek,Rubach,2001-03-11
Maria,Rubach,2019-07-30
Adam,Rubach,2002-05-09
Henryk,Rubach,2019-01-11
Elżbieta,Rubach,2009-09-25
Janek,Rubach,2007-03-20
Jacek,Rubach,2005-09-20
Maria,Rubach,2006-07-15
Adam,Rubach,2005-08-31
Henryk,Rubach,2022-02-19
Elżbieta,Rubach,2000-01-25
Janek,Rubach,2000-11-14
Jacek,Rubach,2015-11-11
Maria,Rubach,2002-04-30
Adam,Rubach,2003-09-05
Henryk,Rubach,2000-03-25
Elżbieta,Rubach,2010-09-07
Janek,Rubach,2010-12-05
Jacek,Rubach,2006-03-19
Maria,Rubach,2020-04-25
Adam,Rubach,2013-08-25
Henryk,Rubach,2008-09-06
Elżbieta,Rubach,2002-03-26
Janek,Rubach,2005-06-19
Jacek,Rubach,2002-12-09
Maria,Rubach,2013-05-09
Adam,Rubach,2018-12-31
Henryk,Rubach,2020-03-09
Elżbieta,Rubach,2016-10-20
Janek,Rubach,2008-09-11
Jacek,Rubach,2003-09-28
Maria,Rubach,2014-02-15
Adam,Rubach,2011-02-01
Henryk,Rubach,2001-12-26
Elżbieta,Rubach,2010-09-17
Janek,Rubach,2007-07-13
Jacek,Rubach,2018-07-27
Maria,Rubach,2008-04-03
Adam,Rubach,2019-06-04
Henryk,Rubach,2015-07-26
Elżbieta,Rubach,2012-03-21
Janek,Rubach,2021-02-01
Jacek,Rubach,2012-07-13
Maria,Rubach,2012-09-17
Adam,Rubach,1999-07-12
Henryk,Rubach,1999-10-09
Elżbieta,Rubach,2005-06-24
Janek,Rubach,2021-12-19
Jacek,Rubach,1999-11-19
Maria,Rubach,2013-05-08
Adam,Rubach,1999-09-25
Henryk,Rubach,2018-10-04
Elżbieta,Rubach,2021-09-24
Janek,Rubach,2012-10-18
Jacek,Rubach,2015-01-18
Maria,Rubach,2003-07-10
Adam,Rubach,2004-07-04
Henryk,Rubach,2001-05-05
Elżbieta,Rubach,2016-02-12
Janek,Rubach,2011-07-17
Jacek,Rubach,2011-10-04
Maria,Rubach,2003-08-03
Adam,Rubach,2010-02-04
Henryk,Rubach,2008-02-07
Elżbieta,Rubach,2008-02-10
Janek,Rubach,2019-10-12
Jacek,Rubach,2014-12-07
Maria,Rubach,2011-12-24
Adam,Rubach,2007-07-30
Henryk,Rubach,2002-08-01
Elżbieta,Rubach,2019-10-28
Janek,Rubach,2012-01-11
Jacek,Rubach,2010-11-06
Maria,Rubach,2008-08-15
Adam,Rubach,2000-06-19
Henryk,Rubach,2018-02-21
Elżbieta,Rubach,2014-07-04
Janek,Rubach,2005-02-05
Jacek,Rubach,2009-05-25
Maria,Rubach,2007-08-13
Adam,Rubach,2006-06-28
Henryk,Rubach,2017-06-10
Elżbieta,Rubach,2018-12-27
Janek,Rubach,2020-05-09
Jacek,Rubach,2009-05-15
Maria,Rubach,2003-11-17
Adam,Rubach,2015-09-20
Henryk,Rubach,2016-11-01
Elżbieta,Rubach,2013-07-04
Janek,Rubach,2013-06-28
Jacek,Rubach,1999-05-02
Maria,Rubach,2004-08-05
Adam,Rubach,2017-06-22
Henryk,Rubach,2019-05-20
Elżbieta,Rubach,2016-12-28
Janek,Rubach,2008-12-21
Jacek,Rubach,2011-06-16
Maria,Rubach,2019-11-24
Adam,Rubach,2008-04-02
Henryk,Rubach,2006-03-26
Elżbieta,Rubach,2017-02-10
Janek,Rubach,2008-05-04
Jacek,Rubach,2021-09-10
Maria,Rubach,2000-08-20
Adam,Rubach,2013-07-20
Henryk,Rubach,2015-01-24
Elżbieta,Rubach,2004-10-12
Janek,Rubach,2021-08-31
Jacek,Rubach,2004-11-23
Maria,Rubach,2003-09-29
Adam,Rubach,2009-04-11
Henryk,Rubach,2011-12-05
Elżbieta,Rubach,2002-05-11
Janek,Rubach,2009-05-07
Jacek,Rubach,2001-09-13
Maria,Rubach,1999-02-14
Adam,Rubach,2012-09-27
Henryk,Rubach,2000-10-30
Elżbieta,Rubach,2001-03-22
Janek,Rubach,2000-11-04
Jacek,Rubach,2014-12-30
Maria,Rubach,2000-03-30
Adam,Rubach,2014-11-24
Henryk,Rubach,2009-12-25
Elżbieta,Rubach,2003-10-08
Janek,Rubach,1999-04-30
Jacek,Rubach,2016-01-10
Maria,Rubach,2019-11-20
Adam,Rubach,2018-11-17
Henryk,Rubach,2010-08-29
Elżbieta,Rubach,1999-03-16
Janek,Rubach,2010-02-26
Jacek,Rubach,2016-05-23
Maria,Rubach,2004-07-25
Adam,Rubach,2002-09-05
Henryk,Rubach,2003-08-14
Elżbieta,Rubach,2009-07-23
Janek,Rubach,2014-02-12
Jacek,Rubach,2012-07-11
Maria,Rubach,2018-05-09
Adam,Rubach,2002-07-30
Henryk,Rubach,2002-01-05
Elżbieta,Rubach,2018-10-25
Janek,Rubach,2018-08-27
Jacek,Rubach,1999-12-30
Maria,Rubach,2003-09-17
Adam,Rubach,1999-02-19
Henryk,Rubach,2018-09-14
Elżbieta,Rubach,2006-06-08
Janek,Rubach,2009-02-08
Jacek,Rubach,2021-05-16
Maria,Rubach,2018-11-01
Adam,Rubach,2002-02-11
Henryk,Rubach,2012-03-28
Elżbieta,Rubach,2012-12-05
Janek,Rubach,2001-08-13
Jacek,Rubach,2018-04-15
Maria,Rubach,2009-06-10
Adam,Rubach,2017-08-13
Henryk,Rubach,2007-02-07
Elżbieta,Rubach,2016-11-19
Janek,Rubach,2005-08-19
Jacek,Rubach,2015-07-20
Maria,Rubach,2012-08-29
Adam,Rubach,2009-08-14
Henryk,Rubach,1999-04-01
Elżbieta,Rubach,2001-09-28
Janek,Rubach,2009-05-05
Jacek,Rubach,2001-03-31
Maria,Rubach,2018-03-18
Adam,Rubach,2006-10-19
Henryk,Rubach,2005-11-19
Elżbieta,Rubach,2010-02-07
Janek,Rubach,2013-11-16
Jacek,Rubach,1999-09-24
Maria,Rubach,2006-11-09
Adam,Rubach,2008-03-11
Henryk,Rubach,2007-11-19
Elżbieta,Rubach,2006-09-04
Janek,Rubach,2017-06-09
Jacek,Rubach,2001-11-12
Maria,Rubach,2003-09-25
Adam,Rubach,2021-03-28
Henryk,Rubach,2009-05-11
Elżbieta,Rubach,2018-05-03
Janek,Rubach,2009-12-19
Jacek,Rubach,2019-01-03
Maria,Rubach,1999-11-14
Adam,Rubach,2002-01-01
Henryk,Rubach,2017-04-21
Elżbieta,Rubach,2011-02-04
Janek,Rubach,2005-03-26
Jacek,Rubach,2020-05-04
Maria,Rubach,2010-07-13
Adam,Rubach,2019-09-22
Henryk,Rubach,2003-10-14
Elżbieta,Rubach,2018-11-08
Janek,Rubach,2012-11-18
Jacek,Rubach,2008-12-23
Maria,Rubach,2011-10-14
Adam,Rubach,2003-08-27
Henryk,Rubach,2006-01-19
Elżbieta,Rubach,2016-06-17
Janek,Rubach,2011-10-05
Jacek,Rubach,2004-03-11
Maria,Rubach,2013-05-28
Adam,Rubach,2012-10-12
Henryk,Rubach,2004-12-04
Elżbieta,Rubach,2018-06-18
Janek,Rubach,2016-06-10
Jacek,Rubach,1999-02-05
Maria,Rubach,2018-08-22
Adam,Rubach,2008-04-28
Henryk,Rubach,2003-11-07
Elżbieta,Rubach,2020-05-07
Janek,Rubach,2012-04-11
Jacek,Rubach,2004-01-23
Maria,Rubach,2005-12-22
Adam,Rubach,2018-06-17
Henryk,Rubach,2008-01-31
Elżbieta,Rubach,2019-01-18
Janek,Rubach,2017-03-02
Jacek,Rubach,2020-02-03
Maria,Rubach,2015-01-08
Adam,Rubach,2021-12-13
Henryk,Rubach,2021-08-21
Elżbieta,Rubach,2010-03-12
Janek,Rubach,2004-09-11
Jacek,Rubach,2012-12-26
Maria,Rubach,2008-05-07
Adam,Rubach,2021-02-03
Henryk,Rubach,2008-09-10
Elżbieta,Rubach,2004-08-30
Janek,Rubach,2001-08-09
Jacek,Rubach,2010-07-14
Maria,Rubach,2000-10-16
Adam,Rubach,2022-02-10
Henryk,Rubach,2015-10-21
Elżbieta,Rubach,2017-11-30
Janek,Rubach,2019-06-16
Jacek,Rubach,2017-03-10
Maria,Rubach,2005-10-18
Adam,Rubach,2013-03-07
Henryk,Rubach,2002-12-01
Elżbieta,Rubach,2013-09-26
Janek,Rubach,1999-03-20
Jacek,Rubach,2008-08-01
Maria,Rubach,2020-06-14
Adam,Rubach,2019-01-02
Henryk,Rubach,2016-05-14
Elżbieta,Rubach,2014-11-03
Janek,Rubach,2004-10-17
Jacek,Rubach,2006-02-06
Maria,Rubach,2019-04-05
Adam,Rubach,2005-08-07
Henryk,Rubach,2001-07-15
Elżbieta,Rubach,2016-09-24
Janek,Rubach,2000-01-05
Jacek,Rubach,2020-09-20
Maria,Rubach,2014-09-15
Adam,Rubach,1999-02-28
Henryk,Rubach,2004-09-16
Elżbieta,Rubach,2016-07-18
Janek,Rubach,2010-03-10
Jacek,Rubach,2000-03-01
Maria,Rubach,2003-08-08
Adam,Rubach,2000-07-12
Henryk,Rubach,2001-05-06
Elżbieta,Rubach,2000-03-01
Janek,Rubach,2006-04-07
Jacek,Rubach,2009-12-26
Maria,Rubach,2013-12-24
Adam,Rubach,2008-11-02
Henryk,Rubach,2004-03-04
Elżbieta,Rubach,2008-05-16
Janek,Rubach,2015-02-05
Jacek,Rubach,2005-09-15
Maria,Rubach,2009-03-17
Adam,Rubach,1999-05-19
Henryk,Rubach,2009-02-04
Elżbieta,Rubach,2020-05-23
Janek,Rubach,2004-06-14
Jacek,Rubach,2012-04-18
Maria,Rubach,2004-10-17
Adam,Rubach,2014-03-25
Henryk,Rubach,2016-11-10
Elżbieta,Rubach,2013-07-20
Janek,Rubach,2021-06-19
Jacek,Rubach,2016-07-28
Maria,Rubach,2015-09-07
Adam,Rubach,2018-02-27
Henryk,Rubach,2012-10-20
Elżbieta,Rubach,2014-05-21
Janek,Rubach,2006-05-13
Jacek,Rubach,2015-05-08
Maria,Rubach,2014-01-12
Adam,Rubach,2013-10-01
Henryk,Rubach,2019-05-14
Elżbieta,Rubach,2016-12-17
Janek,Rubach,2012-08-29
Jacek,Rubach,1999-05-27
Maria,Rubach,2004-03-20
Adam,Rubach,2011-12-15
Henryk,Rubach,2013-07-22
Elżbieta,Rubach,2016-06-14
Janek,Rubach,2011-04-14
Jacek,Rubach,2004-09-06
Maria,Rubach,2003-05-11
Adam,Rubach,2003-09-21
Henryk,Rubach,2016-08-06
Elżbieta,Rubach,2008-11-19
Janek,Rubach,2016-07-05
Jacek,Rubach,2014-02-27
Maria,Rubach,2008-02-26
Adam,Rubach,2020-05-29
Henryk,Rubach,2010-08-07
Elżbieta,Rubach,2001-06-14
Janek,Rubach,2014-03-12
Jacek,Rubach,2000-01-04
Maria,Rubach,2000-05-19
Adam,Rubach,2005-12-25
Henryk,Rubach,2018-07-27
Elżbieta,Rubach,2018-08-20
Janek,Rubach,2002-11-09
Jacek,Rubach,2013-02-04
Maria,Rubach,2003-02-25
Adam,Rubach,2006-10-23
Henryk,Rubach,2009-08-27
Elżbieta,Rubach,2006-11-27
Janek,Rubach,2019-05-15
Jacek,Rubach,2017-08-19
Maria,Rubach,2006-03-24
Adam,Rubach,2017-07-04
Henryk,Rubach,2018-09-14
Elżbieta,Rubach,2007-05-18
Janek,Rubach,1999-01-30
Jacek,Rubach,2007-08-03
Maria,Rubach,2020-04-20
Adam,Rubach,2018-02-11
Henryk,Rubach,2020-06-08
Elżbieta,Rubach,2020-12-28
Janek,Rubach,2005-06-15
Jacek,Rubach,2009-10-23
Maria,Rubach,2003-06-28
Adam,Rubach,2015-02-23
Henryk,Rubach,2014-02-10
Elżbieta,Rubach,2001-04-25
Janek,Rubach,2000-10-16
Jacek,Rubach,2015-08-27
Maria,Rubach,2011-12-01
Adam,Rubach,2011-01-30
Henryk,Rubach,2006-07-10
Elżbieta,Rubach,2003-10-07
Janek,Rubach,2000-01-04
Jacek,Rubach,2013-05-20
Maria,Rubach,2002-02-03
Adam,Rubach,2001-09-07
Henryk,Rubach,2004-07-30
Elżbieta,Rubach,2009-10-24
Janek,Rubach,2012-11-09
Jacek,Rubach,2004-06-27
Maria,Rubach,2013-02-14
Adam,Rubach,2011-05-29
Henryk,Rubach,2006-04-17
Elżbieta,Rubach,2017-08-24
Janek,Rubach,2000-10-17
Jacek,Rubach,2008-12-27
Maria,Rubach,2006-11-09
Adam,Rubach,2019-01-13
Henryk,Rubach,2003-08-20
Elżbieta,Rubach,2018-11-20
Janek,Rubach,2013-06-07
Jacek,Rubach,2000-03-04
Maria,Rubach,2003-01-29
Adam,Rubach,2000-07-29
Henryk,Rubach,2010-12-12
Elżbieta,Rubach,2000-02-05
Janek,Rubach,2002-12-25
Jacek,Rubach,2015-03-14
Maria,Rubach,2007-12-19
Adam,Rubach,2008-11-20
Henryk,Rubach,2013-05-15
Elżbieta,Rubach,2018-11-13
Janek,Rubach,2009-08-25
Jacek,Rubach,2015-05-26
Maria,Rubach,2008-09-20
Adam,Rubach,2017-12-13
Henryk,Rubach,2014-12-21
Elżbieta,Rubach,2004-12-23
Janek,Rubach,2018-11-22
Jacek,Rubach,2014-01-27
Maria,Rubach,2016-05-22
Adam,Rubach,2016-01-28
Henryk,Rubach,2013-07-06
Elżbieta,Rubach,2016-04-17
Janek,Rubach,2006-11-02
Jacek,Rubach,2003-02-27
Maria,Rubach,2004-01-17
Adam,Rubach,2014-05-17
Henryk,Rubach,2007-11-02
Elżbieta,Rubach,2019-09-28
Janek,Rubach,2006-05-29
Jacek,Rubach,2018-04-12
Maria,Rubach,2018-08-17
Adam,Rubach,2021-08-22
Henryk,Rubach,2010-06-03
Elżbieta,Rubach,2015-05-30
Janek,Rubach,2012-02-08
Jacek,Rubach,2001-09-01
Maria,Rubach,2012-05-29
Adam,Rubach,2008-01-22
Henryk,Rubach,2002-01-09
Elżbieta,Rubach,2014-02-23
Janek,Rubach,2021-06-29
Jacek,Rubach,2003-02-08
Maria,Rubach,2002-06-06
Adam,Rubach,1999-12-18
Henryk,Rubach,2005-03-26
Elżbieta,Rubach,1999-07-08
Janek,Rubach,2017-11-06
Jacek,Rubach,2000-11-23
Maria,Rubach,2001-07-19
Adam,Rubach,2009-10-25
Henryk,Rubach,2020-07-10
Elżbieta,Rubach,2004-01-16
Janek,Rubach,2000-07-23
Jacek,Rubach,2010-02-14
Maria,Rubach,2008-02-21
Adam,Rubach,2018-04-18
Henryk,Rubach,2006-01-13
Elżbieta,Rubach,2003-12-04
Janek,Rubach,2006-03-04
Jacek,Rubach,2017-02-20
Maria,Rubach,2012-08-31
Adam,Rubach,2017-10-17
Henryk,Rubach,2017-06-30
Elżbieta,Rubach,2006-09-28
Janek,Rubach,2006-12-22
Jacek,Rubach,2006-03-09
Maria,Rubach,2021-10-24
Adam,Rubach,2013-08-23
Henryk,Rubach,2009-05-07
Elżbieta,Rubach,2010-03-30
Janek,Rubach,2020-10-22
Jacek,Rubach,2000-07-19
Maria,Rubach,2011-09-15
Adam,Rubach,2018-03-29
Henryk,Rubach,2013-05-10
Elżbieta,Rubach,2022-03-10
Janek,Rubach,2011-09-18
Jacek,Rubach,2016-07-25
Maria,Rubach,2013-04-07
Adam,Rubach,2009-01-05
Henryk,Rubach,2022-02-03
Elżbieta,Rubach,2017-12-24
Janek,Rubach,2016-09-30
Jacek,Rubach,2011-02-12
Maria,Rubach,2020-06-03
Adam,Rubach,2005-12-11
Henryk,Rubach,2014-02-22
Elżbieta,Rubach,1999-04-10
Janek,Rubach,2011-10-31
Jacek,Rubach,2018-12-12
Maria,Rubach,2006-05-23
Adam,Rubach,2013-01-04
Henryk,Rubach,2016-01-03
Elżbieta,Rubach,2001-02-08
Janek,Rubach,2014-05-18
Jacek,Rubach,2006-08-08
Maria,Rubach,2013-07-31
Adam,Rubach,2021-11-14
Henryk,Rubach,2021-01-08
Elżbieta,Rubach,2011-05-18
Janek,Rubach,2017-08-29
Jacek,Rubach,2003-03-15
Maria,Rubach,2012-04-11
Adam,Rubach,1999-10-21
Henryk,Rubach,2015-04-08
Elżbieta,Rubach,2007-08-24
Janek,Rubach,2001-11-23
Jacek,Rubach,2006-09-26
Maria,Rubach,2008-02-26
Adam,Rubach,2019-02-08
Henryk,Rubach,2012-01-19
Elżbieta,Rubach,2000-02-12
Janek,Rubach,2014-06-22
Jacek,Rubach,2015-08-24
Maria,Rubach,2002-07-08
Adam,Rubach,2014-04-26
Henryk,Rubach,2021-01-31
Elżbieta,Rubach,2003-03-23
Janek,Rubach,2009-03-27
Jacek,Rubach,2007-12-14
Maria,Rubach,2013-10-26
Adam,Rubach,2012-03-08
Henryk,Rubach,2020-10-24
Elżbieta,Rubach,2007-06-21
Janek,Rubach,2014-10-01
Jacek,Rubach,2019-11-05
Maria,Rubach,2001-02-27
Adam,Rubach,2015-12-15
Henryk,Rubach,2014-02-05
Elżbieta,Rubach,2017-08-01
Janek,Rubach,2012-09-29
Jacek,Rubach,2016-04-16
Maria,Rubach,2008-05-02
Adam,Rubach,2012-07-03
Henryk,Rubach,2018-11-15
Elżbieta,Rubach,2013-07-08
Janek,Rubach,2001-07-21
Jacek,Rubach,2019-12-27
Maria,Rubach,2010-05-10
Adam,Rubach,2020-07-06
Henryk,Rubach,2001-09-27
Elżbieta,Rubach,2010-06-18
Janek,Rubach,2018-12-06
Jacek,Rubach,2010-11-11
Maria,Rubach,2018-12-16
Adam,Rubach,2004-01-09
Henryk,Rubach,2019-03-12
Elżbieta,Rubach,2021-06-18
Janek,Rubach,2020-10-09
Jacek,Rubach,2008-05-25
Maria,Rubach,2003-04-01
Adam,Rubach,2011-03-02
Henryk,Rubach,2016-10-05
Elżbieta,Rubach,2002-06-02
Janek,Rubach,2011-03-10
Jacek,Rubach,2001-05-01
Maria,Rubach,2017-10-06
Adam,Rubach,2000-07-13
Henryk,Rubach,2021-06-22
Elżbieta,Rubach,2009-05-17
Janek,Rubach,2002-12-28
Jacek,Rubach,2003-10-20
Maria,Rubach,2013-10-16
Adam,Rubach,2013-12-06
Henryk,Rubach,2003-04-06
Elżbieta,Rubach,2009-02-27
Janek,Rubach,2016-10-20
Jacek,Rubach,2003-06-22
Maria,Rubach,2016-03-09
Adam,Rubach,2020-01-17
Henryk,Rubach,2019-10-23
Elżbieta,Rubach,2011-06-01
Janek,Rubach,2005-10-27
Jacek,Rubach,2018-09-30
Maria,Rubach,2010-09-25
Adam,Rubach,2021-06-14
Henryk,Rubach,2011-11-09
Elżbieta,Rubach,2007-03-23
Janek,Rubach,2004-11-06
Jacek,Rubach,2001-10-30
Maria,Rubach,2019-11-04
Adam,Rubach,2010-11-24
Henryk,Rubach,1999-04-10
Elżbieta,Rubach,2006-04-05
Janek,Rubach,2013-02-18
Jacek,Rubach,2018-07-07
Maria,Rubach,2012-01-04
Adam,Rubach,2020-01-21
Henryk,Rubach,2005-04-28
Elżbieta,Rubach,2000-09-17
Janek,Rubach,2005-11-01
Jacek,Rubach,2020-10-01
Maria,Rubach,2006-09-09
Adam,Rubach,2008-07-23
Henryk,Rubach,2011-05-08
Elżbieta,Rubach,2001-07-11
Janek,Rubach,2013-04-12
Jacek,Rubach,2008-08-29
Maria,Rubach,2004-09-26
Adam,Rubach,2021-10-17
Henryk,Rubach,2019-11-04
Elżbieta,Rubach,2008-06-11
Janek,Rubach,2003-04-13
Jacek,Rubach,2000-05-24
Maria,Rubach,2012-02-08
Adam,Rubach,2015-05-10
Henryk,Rubach,2013-08-09
Elżbieta,Rubach,2001-07-07
Janek,Rubach,2002-05-09
Jacek,Rubach,2004-02-27
Maria,Rubach,2012-02-13
Adam,Rubach,2019-07-11
Henryk,Rubach,2022-02-05
Elżbieta,Rubach,2012-09-28
Janek,Rubach,2000-10-06
Jacek,Rubach,2001-06-12
Maria,Rubach,2020-12-14
Adam,Rubach,2007-06-22
Henryk,Rubach,2000-07-03
Elżbieta,Rubach,2015-11-17
Janek,Rubach,2004-04-28
Jacek,Rubach,2011-05-07
Maria,Rubach,2015-12-23
Adam,Rubach,2016-12-18
Henryk,Rubach,2011-11-22
Elżbieta,Rubach,2019-09-26
Janek,Rubach,2007-08-19
Jacek,Rubach,2017-06-16
Maria,Rubach,2021-01-16
Adam,Rubach,2002-01-22
Henryk,Rubach,2020-02-29
Elżbieta,Rubach,2018-02-22
Janek,Rubach,2022-03-16
Jacek,Rubach,2015-11-30
Maria,Rubach,2004-01-29
Adam,Rubach,2008-10-23
Henryk,Rubach,2011-04-07
Elżbieta,Rubach,2005-05-29
Janek,Rubach,2013-08-27
Jacek,Rubach,2018-07-07
Maria,Rubach,2018-05-11
Adam,Rubach,1999-04-08
Henryk,Rubach,2021-04-01
Elżbieta,Rubach,2012-06-08
Janek,Rubach,2001-01-01
Jacek,Rubach,2008-09-29
Maria,Rubach,2006-09-24
Adam,Rubach,2018-01-09
Henryk,Rubach,2009-04-17
Elżbieta,Rubach,2002-05-15
Janek,Rubach,1999-07-17
Jacek,Rubach,2016-04-29
Maria,Rubach,2014-09-25
Adam,Rubach,2002-09-03
Henryk,Rubach,2008-04-27
Elżbieta,Rubach,1999-01-01
Janek,Rubach,2001-03-02
Jacek,Rubach,2022-04-03
Maria,Rubach,2014-04-12
Adam,Rubach,2016-02-10
Henryk,Rubach,1999-06-30
Elżbieta,Rubach,2009-06-06
Janek,Rubach,2005-01-06
Jacek,Rubach,2004-06-07
Maria,Rubach,2018-02-23
Adam,Rubach,2020-04-12
Henryk,Rubach,2003-06-11
Elżbieta,Rubach,2003-01-07
Janek,Rubach,2011-09-24
Jacek,Rubach,2003-02-02
Maria,Rubach,2019-10-04
Adam,Rubach,2001-09-10
Henryk,Rubach,1999-04-09
Elżbieta,Rubach,2000-01-21
Janek,Rubach,2016-10-21
Jacek,Rubach,2004-08-08
Maria,Rubach,2011-11-10
Adam,Rubach,2001-11-09
Henryk,Rubach,2014-02-26
Elżbieta,Rubach,2012-01-12
Janek,Rubach,2012-08-18
Jacek,Rubach,2019-10-27
Maria,Rubach,2016-10-07
Adam,Rubach,2015-05-29
Henryk,Rubach,2019-10-18
Elżbieta,Rubach,2011-07-25
Janek,Rubach,2013-05-21
Jacek,Rubach,2010-02-16
Maria,Rubach,2018-10-11
Adam,Rubach,2016-08-07
Henryk,Rubach,2021-02-23
Elżbieta,Rubach,2001-05-09
Janek,Rubach,2005-01-12
Jacek,Rubach,2006-04-14
Maria,Rubach,2003-02-23
Adam,Rubach,2017-03-31
Henryk,Rubach,2004-07-30
Elżbieta,Rubach,2021-08-15
Janek,Rubach,1999-01-08
Jacek,Rubach,2003-08-23
Maria,Rubach,2017-11-26
Adam,Rubach,2014-01-30
Henryk,Rubach,2022-01-17
Elżbieta,Rubach,2018-06-10
Janek,Rubach,2015-09-28
Jacek,Rubach,2010-12-06
Maria,Rubach,2021-01-20
Adam,Rubach,2014-10-19
Henryk,Rubach,1999-09-16
Elżbieta,Rubach,2008-11-13
Janek,Rubach,2005-04-14
Jacek,Rubach,2016-03-02
Maria,Rubach,2016-01-10
Adam,Rubach,2011-08-05
Henryk,Rubach,2007-12-03
Elżbieta,Rubach,2001-08-10
Janek,Rubach,2002-01-27
Jacek,Rubach,2013-09-10
Maria,Rubach,2014-01-28
Adam,Rubach,2018-10-26
Henryk,Rubach,2010-05-28
Elżbieta,Rubach,2022-01-17
Janek,Rubach,2012-10-23
Jacek,Rubach,2001-04-04
Maria,Rubach,2019-01-29
Adam,Rubach,2010-01-29
Henryk,Rubach,2008-11-14
Elżbieta,Rubach,2005-06-06
Janek,Rubach,2011-11-21
Jacek,Rubach,2003-03-02
Maria,Rubach,2000-11-30
Adam,Rubach,2019-03-20
Henryk,Rubach,2012-06-12
Elżbieta,Rubach,2017-11-07
Janek,Rubach,2006-04-06
Jacek,Rubach,2005-01-08
Maria,Rubach,2016-08-18
Adam,Rubach,2009-02-11
Henryk,Rubach,2004-04-17
Elżbieta,Rubach,2019-12-21
Janek,Rubach,2021-09-06
Jacek,Rubach,2001-10-15
Maria,Rubach,2015-11-28
Adam,Rubach,2006-01-18
Henryk,Rubach,2011-08-31
Elżbieta,Rubach,2014-02-24
Janek,Rubach,2014-05-04
Jacek,Rubach,2004-07-25
Maria,Rubach,2017-07-08
Adam,Rubach,2017-04-12
Henryk,Rubach,2017-01-13
Elżbieta,Rubach,1999-06-03
Janek,Rubach,2019-10-05
Jacek,Rubach,1999-06-28
Maria,Rubach,2016-04-14
Adam,Rubach,2018-08-09
Henryk,Rubach,2010-12-28
Elżbieta,Rubach,1999-07-27
Janek,Rubach,2021-11-15
Jacek,Rubach,2001-06-26
Maria,Rubach,2000-10-10
Adam,Rubach,2017-03-03
Henryk,Rubach,2010-02-24
Elżbieta,Rubach,2008-07-29
Janek,Rubach,2017-04-09
Jacek,Rubach,2007-09-27
Maria,Rubach,2021-07-21
Adam,Rubach,2012-08-10
Henryk,Rubach,2021-09-24
Elżbieta,Rubach,2006-11-10
Janek,Rubach,2022-03-09
Jacek,Rubach,2015-09-27
Maria,Rubach,2003-01-11
Adam,Rubach,2003-04-13
Henryk,Rubach,2004-05-29
Elżbieta,Rubach,2002-01-01
Janek,Rubach,2018-11-04
Jacek,Rubach,2001-12-13
Maria,Rubach,2013-07-20
Adam,Rubach,1999-06-29
Henryk,Rubach,2004-12-12
Elżbieta,Rubach,2009-04-15
Janek,Rubach,2013-08-24
Jacek,Rubach,2014-08-26
Maria,Rubach,2004-04-13
Adam,Rubach,2011-12-01
Henryk,Rubach,2004-10-18
Elżbieta,Rubach,2012-02-16
Janek,Rubach,2004-01-11
Jacek,Rubach,2016-06-05
Maria,Rubach,2005-03-05
Adam,Rubach,2013-06-15
Henryk,Rubach,2011-09-26
Elżbieta,Rubach,2011-06-07
Janek,Rubach,2020-12-12
Jacek,Rubach,2021-05-12
Maria,Rubach,2015-01-09
Adam,Rubach,2020-08-26
Henryk,Rubach,2003-06-05
Elżbieta,Rubach,2013-07-19
Janek,Rubach,2020-05-03
Jacek,Rubach,2010-08-08
Maria,Rubach,2013-01-21
Adam,Rubach,2009-06-11
Henryk,Rubach,2004-09-23
Elżbieta,Rubach,2002-12-05
Janek,Rubach,2008-09-25
Jacek,Rubach,2018-04-07
Maria,Rubach,2022-01-05
Adam,Rubach,2017-01-21
Henryk,Rubach,2004-07-17
Elżbieta,Rubach,2005-02-22
Janek,Rubach,2002-11-11
Jacek,Rubach,1999-04-12
Maria,Rubach,1999-07-23
Adam,Rubach,2014-02-10
Henryk,Rubach,2016-04-25
Elżbieta,Rubach,2022-03-14
Janek,Rubach,2010-12-07
Jacek,Rubach,2014-04-19
Maria,Rubach,2017-03-26
Adam,Rubach,2014-10-30
Henryk,Rubach,2012-03-22
Elżbieta,Rubach,2014-07-24
Janek,Rubach,2003-08-28
Jacek,Rubach,2010-11-15
Maria,Rubach,2010-03-02
Adam,Rubach,2007-02-28
Henryk,Rubach,2013-07-29
Elżbieta,Rubach,2012-03-13
Janek,Rubach,2009-08-01
Jacek,Rubach,2009-01-24
Maria,Rubach,2018-02-26
Adam,Rubach,2015-07-23
Henryk,Rubach,2009-03-07
Elżbieta,Rubach,2000-11-07
Janek,Rubach,2019-09-06
Jacek,Rubach,2010-11-19
Maria,Rubach,2015-04-13
Adam,Rubach,2022-01-25
Henryk,Rubach,2005-01-31
Elżbieta,Rubach,2002-10-17
Janek,Rubach,2019-09-25
Jacek,Rubach,2001-04-08
Maria,Rubach,2012-05-19
Adam,Rubach,2021-06-17
Henryk,Rubach,2007-01-14
Elżbieta,Rubach,2007-12-11
Janek,Rubach,2000-03-11
Jacek,Rubach,1999-07-22
Maria,Rubach,2020-11-02
Adam,Rubach,2022-02-25
Henryk,Rubach,2019-07-28
Elżbieta,Rubach,2002-10-20
Janek,Rubach,2015-03-15
Jacek,Rubach,2013-07-28
Maria,Rubach,2002-10-09
Adam,Rubach,2021-08-12
Henryk,Rubach,2001-02-06
Elżbieta,Rubach,2020-10-09
Janek,Rubach,2020-11-17
Jacek,Rubach,2016-07-30
Maria,Rubach,2002-04-17
Adam,Rubach,2016-05-05
